survey_id,collector_id,respondent_id,date_created,date_modified,response_status,ip_address,"What is the name of your child's school, district, or parish?","What is the name of your child's school, district, or parish? - Other (please specify)",What grade level is your child currently enrolled in?,What grades does your child typically earn in math class?,Gender: How does your child identify?,How do you describe your child’s race? You may check more than one box. - Native American Indian or Alaska Native,How do you describe your child’s race? You may check more than one box. - Asian,How do you describe your child’s race? You may check more than one box. - Black or African American,How do you describe your child’s race? You may check more than one box. - Native Hawaiian or Other Pacific Islander,How do you describe your child’s race? You may check more than one box. - White,How do you describe your child’s race? You may check more than one box. - Prefer not to say,How do you describe your child’s race? You may check more than one box. - Other (please specify),How do you describe your child’s ethnicity?,How often do you speak English at home?,Please indicate your level of agreement with the following statements. - I know how to contact my child’s teacher(s) if I have questions or concerns.,Please indicate your level of agreement with the following statements. - I feel comfortable reaching out to my child’s teacher if I have questions or concerns,Please indicate your level of agreement with the following statements. - I am satisfied with how often my child’s teacher engages with me.,Please indicate your level of agreement with the following statements. - My child’s teacher communicates with me or other family members about my child’s educational progress.,Please indicate your level of agreement with the following statements. - My child’s teacher structures parent-teacher conferences so that the meeting is not intimidating for me or other family members attending.,Please indicate your level of agreement with the following statements. - My child’s teacher establishes positive home-school relationships.,"Please indicate your level of agreement with the following statements. - My child’s teacher communicates with me or family members of my child in positive ways, not just when there is a problem.",Please indicate your level of agreement with the following statements. - My child is excited to go to class.,Please indicate your level of agreement with the following statements. - My child is comfortable talking to their teacher.,Please indicate your level of agreement with the following statements. - My child can get the help they need to complete their schoolwork.,Please indicate your level of agreement with the following statements. - My child’s teacher regularly shares detailed feedback on my child’s work.,Please indicate your level of agreement with the following statements. - The work my child is being asked to do is helping them learn new things.,How many assignments does your child complete?,Which best matches your belief about your child’s experience so far this year?,teacher
318058603,415176619,13477985344,2022-05-22T20:26:47Z,2022-05-22T20:29:23Z,completed,107.133.44.180,"Vicksburg Intermediate - Vicksburg-Warren County School District, MS",NA,3,Mostly Fs,Male,NA,NA,Black or African American,NA,NA,NA,NA,NA,Always,5- Strongly agree,5- Strongly agree,5- Strongly agree,5- Strongly agree,5- Strongly agree,5- Strongly agree,5- Strongly agree,4- Agree,4- Agree,4- Agree,5- Strongly agree,4- Agree,Most of their assignments,My child has learned a lot this year.,Shannon McGhee
318058603,415176619,13475279060,2022-05-19T00:39:11Z,2022-05-19T00:47:20Z,completed,172.58.147.81,"Joseph L. Frazier Elementary, Natchez-Adams School District, MS",NA,4,Mostly As,Female,NA,NA,Black or African American,NA,NA,NA,NA,Not Hispanic or Latino,Always,5- Strongly agree,4- Agree,4- Agree,4- Agree,1- Strongly disagree,1- Strongly disagree,5- Strongly agree,I'm not sure.,4- Agree,4- Agree,5- Strongly agree,5- Strongly agree,All of their assignments,My child has learned a lot this year.,Danessa McCullin
318058603,415176619,13474978170,2022-05-18T17:50:55Z,2022-05-18T18:09:56Z,partial,107.122.109.48,"Vicksburg Intermediate - Vicksburg-Warren County School District, MS",NA,NA,NA,NA,NA,NA,NA,NA,NA,NA,NA,NA,NA,NA,NA,NA,NA,NA,NA,NA,NA,NA,NA,NA,NA,NA,NA,Heather Kealhofer
318058603,415176619,13474872047,2022-05-18T16:21:42Z,2022-05-18T16:27:01Z,completed,107.123.33.43,"Durant Elementary - Holmes County Consolidated School District, MS",NA,4,Mostly As,Female,NA,NA,Black or African American,NA,NA,NA,NA,Not Hispanic or Latino,Always,5- Strongly agree,5- Strongly agree,5- Strongly agree,5- Strongly agree,5- Strongly agree,5- Strongly agree,5- Strongly agree,5- Strongly agree,5- Strongly agree,5- Strongly agree,5- Strongly agree,5- Strongly agree,All of their assignments,My child has learned a lot this year.,Thomas Keys
318058603,415176619,13474267967,2022-05-18T00:53:24Z,2022-05-18T00:55:41Z,completed,160.3.246.46,"Sale Elementary - Columbus Municipal School District, MS",NA,4,Mostly Bs,Male,NA,NA,Black or African American,NA,NA,NA,NA,Not Hispanic or Latino,Always,5- Strongly agree,5- Strongly agree,5- Strongly agree,5- Strongly agree,5- Strongly agree,5- Strongly agree,5- Strongly agree,5- Strongly agree,5- Strongly agree,5- Strongly agree,5- Strongly agree,5- Strongly agree,All of their assignments,My child has learned a lot this year.,Jasmine Carter
318058603,415176619,13473276890,2022-05-17T01:25:26Z,2022-05-17T01:27:56Z,completed,69.148.144.217,"Morgantown Middle School, Natchez-Adams School District, MS",NA,NA,Mostly Ds,Female,NA,NA,Black or African American,NA,NA,NA,NA,Not Hispanic or Latino,Always,2- Disagree,1- Strongly disagree,1- Strongly disagree,1- Strongly disagree,1- Strongly disagree,2- Disagree,3- Neither agree nor disagree,4- Agree,4- Agree,4- Agree,4- Agree,4- Agree,Most of their assignments,My child has learned a little this year.,Eddie Smith
318058603,415176619,13473268079,2022-05-17T01:07:00Z,2022-05-17T01:11:26Z,completed,107.212.252.208,"Morgantown Middle School, Natchez-Adams School District, MS",NA,8,Mostly Ds,Female,NA,NA,Black or African American,NA,NA,NA,NA,Not Hispanic or Latino,Always,5- Strongly agree,5- Strongly agree,1- Strongly disagree,1- Strongly disagree,1- Strongly disagree,3- Neither agree nor disagree,1- Strongly disagree,3- Neither disagree nor agree,4- Agree,4- Agree,1- Strongly disagree,4- Agree,All of their assignments,My child has learned some this year.,Natasha Patten
318058603,415176619,13473207021,2022-05-16T23:22:18Z,2022-05-16T23:26:21Z,completed,24.116.37.18,"Sale Elementary - Columbus Municipal School District, MS",NA,4,Mostly Bs,Female,NA,NA,Black or African American,NA,NA,NA,NA,Not Hispanic or Latino,Always,5- Strongly agree,5- Strongly agree,4- Agree,5- Strongly agree,5- Strongly agree,5- Strongly agree,5- Strongly agree,5- Strongly agree,5- Strongly agree,5- Strongly agree,2- Disagree,4- Agree,All of their assignments,My child has learned a lot this year.,Jasmine Carter
318058603,415176619,13473058228,2022-05-16T20:06:32Z,2022-05-16T20:14:16Z,completed,172.13.214.75,"Joseph L. Frazier Elementary, Natchez-Adams School District, MS",NA,NA,Mostly As,Female,NA,NA,Black or African American,NA,NA,NA,NA,Not Hispanic or Latino,Always,5- Strongly agree,5- Strongly agree,5- Strongly agree,5- Strongly agree,5- Strongly agree,5- Strongly agree,4- Agree,5- Strongly agree,5- Strongly agree,5- Strongly agree,I'm not sure.,4- Agree,Few of their assignments,My child has learned a lot this year.,Danessa McCullin
318058603,415176619,13472995178,2022-05-16T18:57:17Z,2022-05-16T18:59:21Z,completed,50.86.50.167,"Morgantown Middle School, Natchez-Adams School District, MS",NA,7,Mostly Cs,Male,NA,NA,Black or African American,NA,NA,NA,NA,Not Hispanic or Latino,Always,5- Strongly agree,5- Strongly agree,3- Neither agree nor disagree,2- Disagree,3- Neither agree nor disagree,4- Agree,4- Agree,2- Disagree,4- Agree,4- Agree,2- Disagree,2- Disagree,All of their assignments,My child has learned some this year.,Eddie Smith
318058603,415176619,13472646864,2022-05-16T13:06:41Z,2022-05-16T13:08:43Z,completed,72.24.158.25,"Sale Elementary - Columbus Municipal School District, MS",NA,4,Mostly As,Female,NA,NA,Black or African American,NA,NA,NA,NA,Not Hispanic or Latino,Always,5- Strongly agree,5- Strongly agree,5- Strongly agree,5- Strongly agree,5- Strongly agree,5- Strongly agree,5- Strongly agree,5- Strongly agree,5- Strongly agree,5- Strongly agree,4- Agree,5- Strongly agree,Most of their assignments,My child has learned a lot this year.,Jasmine Carter
318058603,415176619,13472224932,2022-05-15T21:08:03Z,2022-05-15T21:11:13Z,completed,198.71.102.215,"Sale Elementary - Columbus Municipal School District, MS",NA,4,Mostly Bs,Male,NA,NA,Black or African American,NA,NA,NA,NA,Not Hispanic or Latino,Always,5- Strongly agree,5- Strongly agree,5- Strongly agree,4- Agree,4- Agree,4- Agree,5- Strongly agree,4- Agree,4- Agree,5- Strongly agree,5- Strongly agree,5- Strongly agree,All of their assignments,My child has learned a lot this year.,Jasmine Carter
318058603,415176619,13472174129,2022-05-15T18:49:49Z,2022-05-15T18:54:35Z,completed,174.126.140.37,"Sale Elementary - Columbus Municipal School District, MS",NA,4,Mostly Bs,Female,NA,NA,Black or African American,NA,NA,NA,NA,Not Hispanic or Latino,Always,4- Agree,4- Agree,4- Agree,4- Agree,4- Agree,4- Agree,4- Agree,3- Neither disagree nor agree,4- Agree,I'm not sure.,3- Neither disagree nor agree,4- Agree,All of their assignments,My child has learned a lot this year.,Jasmine Carter
318058603,415176619,13470427368,2022-05-12T23:21:16Z,2022-05-12T23:24:08Z,completed,107.88.177.40,"Cook Elementary - Columbus Municipal School District, MS",NA,3,Mostly As,Male,NA,NA,Black or African American,NA,White,NA,NA,Not Hispanic or Latino,Always,5- Strongly agree,5- Strongly agree,5- Strongly agree,5- Strongly agree,5- Strongly agree,5- Strongly agree,5- Strongly agree,5- Strongly agree,5- Strongly agree,5- Strongly agree,5- Strongly agree,5- Strongly agree,All of their assignments,My child has learned a lot this year.,Mitzi Mullins
318058603,415176619,13470206478,2022-05-12T18:34:19Z,2022-05-12T18:38:01Z,completed,184.155.50.177,"Cook Elementary - Columbus Municipal School District, MS",NA,3,Mostly As,Female,NA,NA,Black or African American,NA,NA,NA,NA,Not Hispanic or Latino,Always,5- Strongly agree,5- Strongly agree,5- Strongly agree,5- Strongly agree,5- Strongly agree,5- Strongly agree,5- Strongly agree,5- Strongly agree,5- Strongly agree,5- Strongly agree,5- Strongly agree,5- Strongly agree,All of their assignments,My child has learned a lot this year.,Mitzi Mullins
318058603,415176619,13469346972,2022-05-11T21:16:48Z,2022-05-11T21:23:38Z,completed,107.136.63.251,"Cook Elementary - Columbus Municipal School District, MS",NA,3,Mostly As,Male,NA,NA,Black or African American,NA,NA,NA,NA,Not Hispanic or Latino,Always,5- Strongly agree,5- Strongly agree,5- Strongly agree,5- Strongly agree,5- Strongly agree,5- Strongly agree,5- Strongly agree,5- Strongly agree,5- Strongly agree,5- Strongly agree,5- Strongly agree,5- Strongly agree,All of their assignments,My child has learned a lot this year.,Mitzi Mullins
318058603,415176619,13428809618,2022-03-31T18:20:29Z,2022-03-31T18:24:25Z,completed,75.65.6.38,NA,Isable Elementary School,4,Mostly Cs,Female,Native American Indian or Alaska Native,NA,NA,NA,NA,NA,NA,Hispanic or Latino,Always,NA,NA,NA,NA,NA,NA,NA,NA,NA,NA,NA,NA,NA,NA,Dr. stats
318058603,415176619,13393379400,2022-03-12T21:47:09Z,2022-03-12T21:49:22Z,completed,174.203.64.35,"Oak Park Elementary - Laurel School District, MS",NA,3,Mostly As,Female,NA,NA,Black or African American,NA,NA,NA,NA,Not Hispanic or Latino,Always,5- Strongly agree,5- Strongly agree,4- Agree,4- Agree,3- Neither agree nor disagree,4- Agree,4- Agree,5- Strongly agree,4- Agree,5- Strongly agree,5- Strongly agree,4- Agree,All of their assignments,My child has learned a lot this year.,Thalia Jones
318058603,415176619,13391367943,2022-03-11T17:40:16Z,2022-03-11T17:42:32Z,completed,160.3.246.46,"Sale Elementary - Columbus Municipal School District, MS",NA,4,Mostly Bs,Female,NA,NA,Black or African American,NA,NA,NA,NA,Not Hispanic or Latino,Always,5- Strongly agree,5- Strongly agree,5- Strongly agree,5- Strongly agree,5- Strongly agree,5- Strongly agree,5- Strongly agree,5- Strongly agree,5- Strongly agree,5- Strongly agree,5- Strongly agree,5- Strongly agree,All of their assignments,My child has learned a lot this year.,Jasmine Carter
318058603,415176619,13388716214,2022-03-10T18:45:22Z,2022-03-10T18:51:25Z,completed,50.86.48.228,"Galloway Elementary - Jackson Public Schools, MS",NA,NA,Mostly Bs,Female,NA,NA,Black or African American,NA,NA,NA,NA,Not Hispanic or Latino,Always,5- Strongly agree,5- Strongly agree,4- Agree,4- Agree,4- Agree,4- Agree,5- Strongly agree,4- Agree,4- Agree,4- Agree,4- Agree,5- Strongly agree,All of their assignments,My child has learned a lot this year.,Tracey Horton
318058603,415176619,13386682963,2022-03-10T01:01:40Z,2022-03-10T01:06:08Z,completed,108.234.175.137,"Durant Elementary - Holmes County Consolidated School District, MS",NA,3,Mostly Fs,Male,NA,NA,Black or African American,NA,NA,NA,NA,Not Hispanic or Latino,Always,5- Strongly agree,5- Strongly agree,5- Strongly agree,5- Strongly agree,5- Strongly agree,NA,5- Strongly agree,4- Agree,4- Agree,5- Strongly agree,5- Strongly agree,4- Agree,All of their assignments,My child has learned some this year.,Pearl Mabry
318058603,415176619,13385710033,2022-03-09T18:40:05Z,2022-03-09T18:41:23Z,partial,50.86.120.138,"B.F. Middle School - Noxubee County School District, MS",NA,7,Mostly Bs,Female,NA,NA,Black or African American,NA,NA,NA,NA,Not Hispanic or Latino,Always,NA,NA,NA,NA,NA,NA,NA,NA,NA,NA,NA,NA,NA,NA,Vivekanand Yamagowni
318058603,415176619,13385699678,2022-03-09T18:31:07Z,2022-03-09T18:45:10Z,completed,50.86.120.138,"B.F. Middle School - Noxubee County School District, MS",NA,7,Mostly Cs,Male,NA,NA,Black or African American,NA,NA,NA,NA,Not Hispanic or Latino,Always,4- Agree,4- Agree,4- Agree,4- Agree,4- Agree,3- Neither agree nor disagree,4- Agree,3- Neither disagree nor agree,2- Disagree,4- Agree,4- Agree,4- Agree,Most of their assignments,My child has learned a lot this year.,Vivekanand Yamagowni
318058603,415176619,13385682193,2022-03-09T18:30:20Z,2022-03-09T18:37:39Z,completed,50.86.120.138,"B.F. Middle School - Noxubee County School District, MS",NA,7,Mostly Fs,Female,NA,NA,Black or African American,NA,NA,NA,NA,Not Hispanic or Latino,Always,5- Strongly agree,4- Agree,3- Neither agree nor disagree,4- Agree,4- Agree,4- Agree,5- Strongly agree,4- Agree,4- Agree,5- Strongly agree,5- Strongly agree,4- Agree,Some of their assignments,My child has learned some this year.,Vivekanand Yamagowni
318058603,415176619,13384951134,2022-03-09T14:21:09Z,2022-03-09T14:25:06Z,partial,97.64.61.152,"B.F. Middle School - Noxubee County School District, MS",NA,NA,NA,NA,NA,NA,NA,NA,NA,NA,NA,NA,NA,NA,NA,NA,NA,NA,NA,NA,NA,NA,NA,NA,NA,NA,NA,NA
318058603,415176619,13384132040,2022-03-09T06:14:46Z,2022-03-09T06:21:43Z,completed,174.202.198.121,"S.V. Marshall Middle School - Holmes County Consolidated School District, MS",NA,6,Mostly Bs,Female,NA,NA,Black or African American,NA,NA,NA,NA,Not Hispanic or Latino,Always,4- Agree,4- Agree,4- Agree,5- Strongly agree,4- Agree,4- Agree,3- Neither agree nor disagree,4- Agree,3- Neither disagree nor agree,4- Agree,4- Agree,4- Agree,Some of their assignments,My child has learned a lot this year.,William Washington
318058603,415176619,13383343565,2022-03-08T22:25:23Z,2022-03-08T22:28:26Z,completed,74.175.210.28,"Morgantown Middle School, Natchez-Adams School District, MS",NA,8,Mostly As,Female,NA,NA,NA,NA,White,NA,NA,Not Hispanic or Latino,Always,1- Strongly disagree,1- Strongly disagree,1- Strongly disagree,1- Strongly disagree,1- Strongly disagree,1- Strongly disagree,1- Strongly disagree,1- Strongly disagree,1- Strongly disagree,1- Strongly disagree,1- Strongly disagree,1- Strongly disagree,All of their assignments,My child has learned a lot this year.,Natasha Patten
318058603,415176619,13383190900,2022-03-08T21:23:25Z,2022-03-08T21:28:01Z,completed,159.118.80.62,"Durant Elementary - Holmes County Consolidated School District, MS",NA,4,Mostly Bs,Male,NA,NA,Black or African American,NA,NA,NA,NA,Not Hispanic or Latino,Always,1- Strongly disagree,1- Strongly disagree,4- Agree,4- Agree,4- Agree,4- Agree,4- Agree,5- Strongly agree,2- Disagree,4- Agree,3- Neither disagree nor agree,5- Strongly agree,Some of their assignments,My child has learned some this year.,Thomas Keys
318058603,415176619,13380133536,2022-03-07T21:41:14Z,2022-03-07T22:02:58Z,completed,107.141.17.168,"B.F. Middle School - Noxubee County School District, MS",NA,7,Mostly Bs,Male,NA,NA,Black or African American,NA,NA,NA,NA,Not Hispanic or Latino,Always,4- Agree,4- Agree,4- Agree,2- Disagree,2- Disagree,4- Agree,3- Neither agree nor disagree,4- Agree,4- Agree,4- Agree,5- Strongly agree,5- Strongly agree,All of their assignments,My child has learned some this year.,miari franklin
318058603,415176619,13378722407,2022-03-07T12:51:21Z,2022-03-07T12:58:19Z,completed,97.64.62.138,"B.F. Middle School - Noxubee County School District, MS",NA,7,Mostly As,Male,NA,NA,Black or African American,NA,NA,NA,NA,Not Hispanic or Latino,Always,4- Agree,4- Agree,4- Agree,4- Agree,4- Agree,4- Agree,4- Agree,3- Neither disagree nor agree,5- Strongly agree,5- Strongly agree,3- Neither disagree nor agree,5- Strongly agree,All of their assignments,My child has learned a lot this year.,Vivekanand Yamagowni
318058603,415176619,13377996840,2022-03-07T03:30:41Z,2022-03-07T03:33:16Z,completed,50.86.51.49,"Cook Elementary - Columbus Municipal School District, MS",NA,NA,Mostly Cs,Male,NA,NA,Black or African American,NA,NA,NA,NA,Not Hispanic or Latino,Always,5- Strongly agree,5- Strongly agree,5- Strongly agree,5- Strongly agree,5- Strongly agree,5- Strongly agree,5- Strongly agree,I'm not sure.,2- Disagree,4- Agree,5- Strongly agree,4- Agree,Few of their assignments,My child has learned some this year.,Mitzi Mullins
318058603,415176619,13375119990,2022-03-04T22:17:54Z,2022-03-04T22:20:01Z,completed,108.203.99.151,"B.F. Middle School - Noxubee County School District, MS",NA,NA,Mostly Cs,Female,NA,NA,Black or African American,NA,NA,NA,NA,Not Hispanic or Latino,Always,4- Agree,4- Agree,3- Neither agree nor disagree,3- Neither agree nor disagree,3- Neither agree nor disagree,3- Neither agree nor disagree,4- Agree,I'm not sure.,4- Agree,4- Agree,4- Agree,4- Agree,All of their assignments,My child has learned some this year.,Vivekanand Yamagowni
318058603,415176619,13372950449,2022-03-04T02:13:23Z,2022-03-04T02:18:40Z,completed,174.202.196.99,"Earl Nash Elementary - Noxubee County School District, MS",NA,4,Mostly Cs,Male,NA,Asian,Black or African American,NA,NA,NA,NA,Not Hispanic or Latino,Always,2- Disagree,5- Strongly agree,3- Neither agree nor disagree,1- Strongly disagree,1- Strongly disagree,5- Strongly agree,5- Strongly agree,I'm not sure.,I'm not sure.,5- Strongly agree,1- Strongly disagree,1- Strongly disagree,All of their assignments,My child has learned a lot this year.,Ms. Rice
318058603,415176619,13372941608,2022-03-04T02:07:38Z,2022-03-04T02:09:37Z,completed,107.115.177.7,"Earl Nash Elementary - Noxubee County School District, MS",NA,4,Mostly Cs,Male,NA,NA,Black or African American,NA,NA,NA,NA,Not Hispanic or Latino,Always,3- Neither agree nor disagree,3- Neither agree nor disagree,3- Neither agree nor disagree,1- Strongly disagree,3- Neither agree nor disagree,3- Neither agree nor disagree,1- Strongly disagree,1- Strongly disagree,3- Neither disagree nor agree,3- Neither disagree nor agree,1- Strongly disagree,3- Neither disagree nor agree,All of their assignments,My child has learned some this year.,Jacqueline Leach
318058603,415176619,13372932625,2022-03-04T02:01:34Z,2022-03-04T02:03:33Z,completed,107.115.177.51,"Cook Elementary - Columbus Municipal School District, MS",NA,NA,Mostly As,Female,NA,NA,Black or African American,NA,NA,NA,NA,Not Hispanic or Latino,Always,5- Strongly agree,5- Strongly agree,5- Strongly agree,5- Strongly agree,5- Strongly agree,5- Strongly agree,5- Strongly agree,5- Strongly agree,5- Strongly agree,5- Strongly agree,5- Strongly agree,5- Strongly agree,All of their assignments,My child has learned a lot this year.,Nykol Robertson
318058603,415176619,13372845950,2022-03-04T01:05:24Z,2022-03-04T01:08:59Z,completed,107.136.62.104,"Cook Elementary - Columbus Municipal School District, MS",NA,NA,Mostly As,Male,NA,NA,NA,NA,White,NA,NA,Not Hispanic or Latino,Always,4- Agree,4- Agree,3- Neither agree nor disagree,3- Neither agree nor disagree,3- Neither agree nor disagree,3- Neither agree nor disagree,3- Neither agree nor disagree,4- Agree,4- Agree,4- Agree,4- Agree,4- Agree,All of their assignments,My child has learned some this year.,Nykol Robertson
318058603,415176619,13372793011,2022-03-04T00:34:47Z,2022-03-04T00:36:20Z,partial,50.86.54.107,"B.F. Middle School - Noxubee County School District, MS",NA,7,Mostly Ds,Male,NA,NA,Black or African American,NA,NA,NA,NA,NA,Always,NA,NA,NA,NA,NA,NA,NA,NA,NA,NA,NA,NA,NA,NA,Vivekanand Yamagowni
318058603,415176619,13372747822,2022-03-04T00:10:55Z,2022-03-04T00:16:08Z,completed,184.155.220.253,"Sale Elementary - Columbus Municipal School District, MS",NA,NA,Mostly As,Female,NA,NA,NA,NA,White,NA,NA,Not Hispanic or Latino,Always,5- Strongly agree,5- Strongly agree,5- Strongly agree,5- Strongly agree,5- Strongly agree,5- Strongly agree,5- Strongly agree,5- Strongly agree,5- Strongly agree,5- Strongly agree,5- Strongly agree,5- Strongly agree,All of their assignments,My child has learned a lot this year.,Julie Richards
318058603,415176619,13372564230,2022-03-03T22:52:05Z,2022-03-03T22:55:34Z,completed,75.65.3.220,"Galloway Elementary - Jackson Public Schools, MS",NA,5,Mostly Bs,Female,NA,NA,Black or African American,NA,NA,NA,NA,Not Hispanic or Latino,Always,5- Strongly agree,5- Strongly agree,5- Strongly agree,5- Strongly agree,5- Strongly agree,5- Strongly agree,5- Strongly agree,5- Strongly agree,5- Strongly agree,5- Strongly agree,5- Strongly agree,5- Strongly agree,All of their assignments,My child has learned a lot this year.,Quintavious Phillips
318058603,415176619,13371125627,2022-03-03T13:45:40Z,2022-03-03T13:46:41Z,partial,173.235.40.29,"Galloway Elementary - Jackson Public Schools, MS",NA,4,Mostly Bs,Male,NA,NA,Black or African American,NA,NA,NA,NA,Not Hispanic or Latino,Always,NA,NA,NA,NA,NA,NA,NA,NA,NA,NA,NA,NA,NA,NA,Tracey Horton
318058603,415176619,13369888653,2022-03-03T00:09:46Z,2022-03-03T00:15:25Z,completed,67.60.136.139,"Cook Elementary - Columbus Municipal School District, MS",NA,3,Mostly As,Male,NA,NA,Black or African American,NA,NA,NA,NA,Not Hispanic or Latino,Always,5- Strongly agree,5- Strongly agree,5- Strongly agree,5- Strongly agree,5- Strongly agree,5- Strongly agree,5- Strongly agree,5- Strongly agree,5- Strongly agree,5- Strongly agree,4- Agree,5- Strongly agree,All of their assignments,My child has learned a lot this year.,Nykol Robertson
318058603,415176619,13369820048,2022-03-02T23:37:59Z,2022-03-02T23:42:05Z,completed,162.227.59.237,"B.F. Middle School - Noxubee County School District, MS",NA,8,Mostly Cs,Male,NA,NA,Black or African American,NA,NA,NA,NA,Not Hispanic or Latino,Always,4- Agree,4- Agree,4- Agree,3- Neither agree nor disagree,3- Neither agree nor disagree,3- Neither agree nor disagree,3- Neither agree nor disagree,3- Neither disagree nor agree,3- Neither disagree nor agree,4- Agree,3- Neither disagree nor agree,3- Neither disagree nor agree,Some of their assignments,My child has learned some this year.,Samoria Conner
318058603,415176619,13369642113,2022-03-02T22:27:40Z,2022-03-02T22:56:46Z,completed,97.64.61.152,"B.F. Middle School - Noxubee County School District, MS",NA,8,Mostly Fs,Female,NA,NA,NA,NA,NA,NA,Middle Eastern,Not Hispanic or Latino,Almost always,4- Agree,4- Agree,3- Neither agree nor disagree,4- Agree,5- Strongly agree,5- Strongly agree,5- Strongly agree,3- Neither disagree nor agree,4- Agree,3- Neither disagree nor agree,3- Neither disagree nor agree,5- Strongly agree,Few of their assignments,My child has learned some this year.,Ms. Hill
318058603,415176619,13369636567,2022-03-02T22:25:07Z,2022-03-02T22:28:04Z,completed,96.19.161.160,"Sale Elementary - Columbus Municipal School District, MS",NA,4,Mostly As,Female,NA,NA,Black or African American,NA,NA,NA,NA,Not Hispanic or Latino,Always,5- Strongly agree,5- Strongly agree,5- Strongly agree,5- Strongly agree,5- Strongly agree,5- Strongly agree,5- Strongly agree,4- Agree,4- Agree,5- Strongly agree,4- Agree,4- Agree,All of their assignments,My child has learned a lot this year.,Jasmine Carter
318058603,415176619,13369449347,2022-03-02T21:04:57Z,2022-03-02T21:07:27Z,completed,184.155.50.177,"Cook Elementary - Columbus Municipal School District, MS",NA,3,Mostly As,Female,NA,NA,Black or African American,NA,NA,NA,NA,Not Hispanic or Latino,Always,5- Strongly agree,5- Strongly agree,5- Strongly agree,5- Strongly agree,5- Strongly agree,5- Strongly agree,5- Strongly agree,5- Strongly agree,5- Strongly agree,5- Strongly agree,5- Strongly agree,5- Strongly agree,All of their assignments,My child has learned a lot this year.,Mitzi Mullins
318058603,415176619,13368612229,2022-03-02T15:36:02Z,2022-03-02T15:39:58Z,completed,50.86.124.34,"Williams Sullivan Middle School - Holmes County Consolidated School District, MS",NA,6,Mostly As,Female,NA,NA,Black or African American,NA,NA,NA,NA,Not Hispanic or Latino,Always,5- Strongly agree,5- Strongly agree,4- Agree,5- Strongly agree,5- Strongly agree,5- Strongly agree,5- Strongly agree,3- Neither disagree nor agree,4- Agree,4- Agree,I'm not sure.,4- Agree,All of their assignments,My child has learned a lot this year.,Monica Anderson
318058603,415176619,13367438749,2022-03-02T04:00:19Z,2022-03-02T04:07:06Z,completed,107.136.63.110,"Cook Elementary - Columbus Municipal School District, MS",NA,3,Mostly As,Male,NA,NA,NA,NA,NA,Prefer not to say,NA,Hispanic or Latino,Sometimes,3- Neither agree nor disagree,3- Neither agree nor disagree,3- Neither agree nor disagree,4- Agree,4- Agree,4- Agree,4- Agree,4- Agree,4- Agree,4- Agree,4- Agree,4- Agree,Few of their assignments,My child has learned a lot this year.,Nykol Robertson
318058603,415176619,13367104935,2022-03-02T00:21:52Z,2022-03-02T00:24:56Z,completed,174.202.202.48,"Earl Nash Elementary - Noxubee County School District, MS",NA,4,Mostly Cs,Male,NA,NA,Black or African American,NA,NA,NA,NA,Not Hispanic or Latino,Always,5- Strongly agree,5- Strongly agree,4- Agree,5- Strongly agree,5- Strongly agree,4- Agree,5- Strongly agree,5- Strongly agree,5- Strongly agree,5- Strongly agree,5- Strongly agree,5- Strongly agree,Most of their assignments,My child has learned a lot this year.,Jacqueline Leach
318058603,415176619,13367103390,2022-03-02T00:21:14Z,2022-03-02T00:24:51Z,completed,172.58.193.136,"Cook Elementary - Columbus Municipal School District, MS",NA,NA,Mostly Bs,Female,NA,NA,Black or African American,NA,NA,NA,NA,Not Hispanic or Latino,Always,5- Strongly agree,5- Strongly agree,5- Strongly agree,5- Strongly agree,5- Strongly agree,5- Strongly agree,5- Strongly agree,5- Strongly agree,5- Strongly agree,5- Strongly agree,5- Strongly agree,5- Strongly agree,All of their assignments,My child has learned a lot this year.,Nykol Robertson
318058603,415176619,13366959029,2022-03-01T23:14:14Z,2022-03-01T23:18:02Z,completed,107.88.177.9,"Cook Elementary - Columbus Municipal School District, MS",NA,3,Mostly As,Male,NA,NA,Black or African American,NA,White,NA,NA,Not Hispanic or Latino,Always,5- Strongly agree,5- Strongly agree,5- Strongly agree,5- Strongly agree,5- Strongly agree,5- Strongly agree,5- Strongly agree,5- Strongly agree,5- Strongly agree,5- Strongly agree,5- Strongly agree,5- Strongly agree,All of their assignments,My child has learned a lot this year.,Mitzi Mullins
318058603,415176619,13366958031,2022-03-01T23:14:08Z,2022-03-01T23:15:10Z,partial,73.2.225.119,"George Washington Carver Middle School - Meridian Public School District, MS",NA,7,Mostly As,Female,NA,NA,Black or African American,NA,NA,NA,NA,Not Hispanic or Latino,Always,NA,NA,NA,NA,NA,NA,NA,NA,NA,NA,NA,NA,NA,NA,Keri Coker
318058603,415176619,13366957286,2022-03-01T23:13:33Z,2022-03-01T23:14:02Z,partial,73.2.225.119,"Vicksburg Jr. High - Vicksburg-Warren County School District, MS",NA,NA,NA,NA,NA,NA,NA,NA,NA,NA,NA,NA,NA,NA,NA,NA,NA,NA,NA,NA,NA,NA,NA,NA,NA,NA,NA,NA
318058603,415176619,13366920443,2022-03-01T22:59:28Z,2022-03-01T23:02:26Z,completed,67.60.136.196,"Cook Elementary - Columbus Municipal School District, MS",NA,NA,Mostly As,Male,NA,NA,NA,NA,White,NA,NA,Not Hispanic or Latino,Always,4- Agree,4- Agree,4- Agree,4- Agree,4- Agree,3- Neither agree nor disagree,4- Agree,5- Strongly agree,5- Strongly agree,5- Strongly agree,4- Agree,4- Agree,Most of their assignments,My child has learned a lot this year.,Nykol Robertson
318058603,415176619,13366762727,2022-03-01T19:56:08Z,2022-03-01T21:57:26Z,partial,108.66.82.70,"Williams Sullivan Middle School - Holmes County Consolidated School District, MS",NA,NA,NA,NA,NA,NA,NA,NA,NA,NA,NA,NA,NA,NA,NA,NA,NA,NA,NA,NA,NA,NA,NA,NA,NA,NA,NA,NA
318058603,415176619,13366746665,2022-03-01T21:50:12Z,2022-03-01T21:53:55Z,completed,67.143.192.119,"Kemper County Upper Elementary - Kemper County School District, MS",NA,4,Mostly Bs,Male,NA,NA,Black or African American,NA,NA,NA,NA,Not Hispanic or Latino,Always,2- Disagree,2- Disagree,1- Strongly disagree,1- Strongly disagree,1- Strongly disagree,1- Strongly disagree,1- Strongly disagree,2- Disagree,2- Disagree,3- Neither disagree nor agree,1- Strongly disagree,2- Disagree,Most of their assignments,My child has learned some this year.,Theresa Savell
318058603,415176619,13366698527,2022-03-01T21:30:17Z,2022-03-01T21:35:25Z,completed,174.126.139.64,"Cook Elementary - Columbus Municipal School District, MS",NA,NA,Mostly As,Female,NA,NA,Black or African American,NA,NA,NA,NA,Not Hispanic or Latino,Always,5- Strongly agree,5- Strongly agree,5- Strongly agree,5- Strongly agree,5- Strongly agree,5- Strongly agree,5- Strongly agree,5- Strongly agree,5- Strongly agree,5- Strongly agree,5- Strongly agree,5- Strongly agree,All of their assignments,My child has learned a lot this year.,Nykol Robertson
318058603,415176619,13366506058,2022-03-01T20:08:31Z,2022-03-01T20:21:44Z,partial,50.86.124.34,"Williams Sullivan Middle School - Holmes County Consolidated School District, MS",NA,7,Mostly Bs,Female,NA,NA,Black or African American,NA,NA,NA,NA,Not Hispanic or Latino,Always,NA,NA,NA,NA,NA,NA,NA,NA,NA,NA,NA,NA,NA,NA,Monica Anderson
318058603,415176619,13366476095,2022-03-01T19:56:08Z,2022-03-01T19:56:42Z,partial,50.86.124.34,"Williams Sullivan Middle School - Holmes County Consolidated School District, MS",NA,NA,NA,NA,NA,NA,NA,NA,NA,NA,NA,NA,NA,NA,NA,NA,NA,NA,NA,NA,NA,NA,NA,NA,NA,NA,NA,NA
318058603,415176619,13366366879,2022-03-01T19:10:02Z,2022-03-01T19:12:01Z,completed,76.107.250.217,"George Washington Carver Middle School - Meridian Public School District, MS",NA,7,Mostly Bs,Female,NA,NA,Black or African American,NA,NA,NA,NA,Not Hispanic or Latino,Always,5- Strongly agree,5- Strongly agree,5- Strongly agree,5- Strongly agree,4- Agree,4- Agree,4- Agree,4- Agree,4- Agree,4- Agree,4- Agree,4- Agree,Most of their assignments,My child has learned some this year.,Keri Coker
318058603,415176619,13366349900,2022-03-01T19:03:37Z,2022-03-01T19:10:21Z,completed,73.2.132.40,"George Washington Carver Middle School - Meridian Public School District, MS",NA,7,Mostly As,Female,NA,NA,Black or African American,NA,NA,NA,NA,Not Hispanic or Latino,Always,1- Strongly disagree,1- Strongly disagree,1- Strongly disagree,1- Strongly disagree,1- Strongly disagree,1- Strongly disagree,1- Strongly disagree,1- Strongly disagree,1- Strongly disagree,1- Strongly disagree,1- Strongly disagree,1- Strongly disagree,All of their assignments,My child has learned a lot this year.,Keri Coker
318058603,415176619,13364542213,2022-03-01T02:41:31Z,2022-03-01T02:45:55Z,completed,73.203.228.189,"Isable Elementary - Jackson Public Schools, MS",NA,4,Mostly Cs,Female,NA,NA,Black or African American,NA,NA,NA,NA,Not Hispanic or Latino,Always,5- Strongly agree,5- Strongly agree,5- Strongly agree,4- Agree,5- Strongly agree,5- Strongly agree,5- Strongly agree,5- Strongly agree,5- Strongly agree,5- Strongly agree,5- Strongly agree,5- Strongly agree,Most of their assignments,My child has learned a lot this year.,Doris Stocks
318058603,415176619,13364528397,2022-03-01T02:31:45Z,2022-03-01T02:36:54Z,completed,50.86.52.238,"Cook Elementary - Columbus Municipal School District, MS",NA,4,Mostly Cs,Female,NA,NA,Black or African American,NA,NA,NA,NA,Not Hispanic or Latino,Always,5- Strongly agree,5- Strongly agree,5- Strongly agree,4- Agree,4- Agree,4- Agree,4- Agree,5- Strongly agree,4- Agree,4- Agree,4- Agree,4- Agree,Most of their assignments,My child has learned a lot this year.,Chenata Ward
318058603,415176619,13364167706,2022-02-28T23:14:13Z,2022-02-28T23:16:11Z,completed,75.65.124.189,"Parkview Elementary - Meridian Public School District, MS",NA,4,Mostly As,Female,NA,NA,Black or African American,NA,NA,NA,NA,Not Hispanic or Latino,Always,5- Strongly agree,5- Strongly agree,5- Strongly agree,5- Strongly agree,5- Strongly agree,5- Strongly agree,5- Strongly agree,4- Agree,4- Agree,5- Strongly agree,4- Agree,4- Agree,Some of their assignments,My child has learned a lot this year.,Brenda Washington
318058603,415176619,13363842818,2022-02-28T21:02:06Z,2022-02-28T21:09:23Z,partial,107.218.132.37,"Galloway Elementary - Jackson Public Schools, MS",NA,4,Mostly Cs,Female,NA,NA,Black or African American,NA,NA,NA,NA,Not Hispanic or Latino,Always,NA,NA,NA,NA,NA,NA,NA,NA,NA,NA,NA,NA,NA,NA,Tracey Horton
318058603,415176619,13363551430,2022-02-28T18:59:08Z,2022-02-28T19:00:05Z,partial,50.86.52.229,"Vicksburg Intermediate - Vicksburg-Warren County School District, MS",NA,NA,NA,NA,NA,NA,NA,NA,NA,NA,NA,NA,NA,NA,NA,NA,NA,NA,NA,NA,NA,NA,NA,NA,NA,NA,NA,NA
318058603,415176619,13361454524,2022-02-27T20:55:36Z,2022-02-27T21:02:14Z,completed,96.18.35.95,"Morgantown Middle School, Natchez-Adams School District, MS",NA,8,Mostly Cs,Female,NA,NA,NA,NA,White,NA,NA,Not Hispanic or Latino,Always,4- Agree,3- Neither agree nor disagree,2- Disagree,2- Disagree,1- Strongly disagree,3- Neither agree nor disagree,1- Strongly disagree,2- Disagree,2- Disagree,2- Disagree,2- Disagree,3- Neither disagree nor agree,Most of their assignments,My child has learned some this year.,Natasha Patten
318058603,415176619,13360551222,2022-02-26T23:59:01Z,2022-02-27T00:05:42Z,completed,47.212.241.144,"East Elementary - Greenwood Leflore Consolidated School District, MS",NA,4,Mostly As,Male,NA,NA,Black or African American,NA,NA,NA,NA,Not Hispanic or Latino,Always,5- Strongly agree,5- Strongly agree,5- Strongly agree,5- Strongly agree,3- Neither agree nor disagree,5- Strongly agree,5- Strongly agree,5- Strongly agree,5- Strongly agree,5- Strongly agree,5- Strongly agree,5- Strongly agree,Most of their assignments,My child has learned a lot this year.,Sharrel Johnson
318058603,415176619,13359011019,2022-02-25T22:19:28Z,2022-02-25T22:25:50Z,completed,107.77.236.38,"Morgantown Middle School, Natchez-Adams School District, MS",NA,NA,Mostly Cs,Male,NA,NA,Black or African American,NA,NA,NA,NA,Not Hispanic or Latino,Always,4- Agree,4- Agree,5- Strongly agree,4- Agree,5- Strongly agree,4- Agree,4- Agree,4- Agree,3- Neither disagree nor agree,4- Agree,4- Agree,3- Neither disagree nor agree,Most of their assignments,My child has learned some this year.,Natasha Patten
318058603,415176619,13358989179,2022-02-25T22:09:05Z,2022-02-25T22:10:14Z,completed,172.225.198.58,"Morgantown Middle School, Natchez-Adams School District, MS",NA,NA,Mostly Cs,Female,NA,NA,Black or African American,NA,NA,NA,NA,Not Hispanic or Latino,Always,4- Agree,4- Agree,4- Agree,5- Strongly agree,4- Agree,4- Agree,4- Agree,3- Neither disagree nor agree,3- Neither disagree nor agree,4- Agree,4- Agree,4- Agree,Most of their assignments,My child has learned some this year.,Natasha Patten
318058603,415176619,13358984182,2022-02-25T22:06:30Z,2022-02-25T22:08:10Z,completed,172.225.108.152,"Morgantown Middle School, Natchez-Adams School District, MS",NA,7,Mostly Cs,Male,NA,NA,Black or African American,NA,NA,NA,NA,Not Hispanic or Latino,Always,4- Agree,4- Agree,4- Agree,4- Agree,4- Agree,3- Neither agree nor disagree,2- Disagree,3- Neither disagree nor agree,3- Neither disagree nor agree,3- Neither disagree nor agree,3- Neither disagree nor agree,3- Neither disagree nor agree,Most of their assignments,My child has learned some this year.,Eddie Smith
318058603,415176619,13358952841,2022-02-25T21:50:37Z,2022-02-25T21:54:53Z,completed,172.225.198.50,"Morgantown Middle School, Natchez-Adams School District, MS",NA,8,Mostly Ds,Female,NA,NA,Black or African American,NA,NA,NA,NA,Not Hispanic or Latino,Always,4- Agree,4- Agree,4- Agree,4- Agree,4- Agree,4- Agree,4- Agree,3- Neither disagree nor agree,3- Neither disagree nor agree,5- Strongly agree,4- Agree,4- Agree,Most of their assignments,My child has learned a little this year.,Natasha Patten
318058603,415176619,13358952251,2022-02-25T21:51:06Z,2022-02-25T21:53:41Z,completed,107.77.234.174,"Morgantown Middle School, Natchez-Adams School District, MS",NA,8,Mostly Ds,Male,NA,NA,Black or African American,NA,NA,NA,NA,Not Hispanic or Latino,Always,4- Agree,4- Agree,4- Agree,4- Agree,4- Agree,4- Agree,3- Neither agree nor disagree,3- Neither disagree nor agree,3- Neither disagree nor agree,4- Agree,4- Agree,4- Agree,Most of their assignments,My child has learned some this year.,Natasha Patten
318058603,415176619,13357820790,2022-02-25T14:17:43Z,2022-02-25T14:19:09Z,partial,76.8.236.194,"Parkview Elementary - Meridian Public School District, MS",NA,4,Mostly Bs,Male,NA,NA,Black or African American,NA,NA,NA,NA,Not Hispanic or Latino,Always,NA,NA,NA,NA,NA,NA,NA,NA,NA,NA,NA,NA,NA,NA,Brenda Washington
318058603,415176619,13356903474,2022-02-25T04:46:20Z,2022-02-25T04:57:59Z,completed,107.136.60.173,"Cook Elementary - Columbus Municipal School District, MS",NA,4,Mostly As,Male,NA,NA,Black or African American,NA,NA,NA,NA,Not Hispanic or Latino,Always,3- Neither agree nor disagree,3- Neither agree nor disagree,3- Neither agree nor disagree,3- Neither agree nor disagree,3- Neither agree nor disagree,3- Neither agree nor disagree,3- Neither agree nor disagree,5- Strongly agree,5- Strongly agree,5- Strongly agree,5- Strongly agree,4- Agree,All of their assignments,My child has learned a lot this year.,Chenata Ward
318058603,415176619,13356870571,2022-02-25T04:22:04Z,2022-02-25T04:27:18Z,completed,174.202.201.226,"Cook Elementary - Columbus Municipal School District, MS",NA,4,Mostly Bs,Male,NA,NA,Black or African American,NA,NA,NA,NA,Not Hispanic or Latino,Always,4- Agree,4- Agree,4- Agree,4- Agree,4- Agree,4- Agree,4- Agree,4- Agree,4- Agree,4- Agree,4- Agree,4- Agree,Most of their assignments,My child has learned a lot this year.,Chenata Ward
318058603,415176619,13356861385,2022-02-25T04:14:16Z,2022-02-25T04:19:06Z,completed,174.255.2.122,"Vicksburg Jr. High - Vicksburg-Warren County School District, MS",NA,8,Mostly Ds,Male,NA,NA,Black or African American,NA,NA,NA,NA,NA,Always,3- Neither agree nor disagree,5- Strongly agree,3- Neither agree nor disagree,2- Disagree,3- Neither agree nor disagree,2- Disagree,2- Disagree,3- Neither disagree nor agree,3- Neither disagree nor agree,1- Strongly disagree,2- Disagree,I'm not sure.,Most of their assignments,My child has learned some this year.,Syble Harr
318058603,415176619,13356713045,2022-02-25T02:26:29Z,2022-02-25T02:31:43Z,completed,97.64.61.152,"Earl Nash Elementary - Noxubee County School District, MS",NA,4,Mostly Ds,Female,NA,NA,Black or African American,NA,NA,NA,NA,Not Hispanic or Latino,Always,4- Agree,4- Agree,1- Strongly disagree,1- Strongly disagree,1- Strongly disagree,1- Strongly disagree,1- Strongly disagree,4- Agree,4- Agree,5- Strongly agree,2- Disagree,5- Strongly agree,Some of their assignments,My child has learned a lot this year.,Jacqueline Leach
318058603,415176619,13356687337,2022-02-25T02:08:50Z,2022-02-25T02:11:18Z,completed,107.77.236.138,"Vicksburg Jr. High - Vicksburg-Warren County School District, MS",NA,7,Mostly Fs,Male,NA,NA,Black or African American,NA,NA,NA,NA,Not Hispanic or Latino,Always,4- Agree,3- Neither agree nor disagree,2- Disagree,2- Disagree,2- Disagree,3- Neither agree nor disagree,3- Neither agree nor disagree,3- Neither disagree nor agree,3- Neither disagree nor agree,I'm not sure.,2- Disagree,4- Agree,Most of their assignments,My child has learned a little this year.,Pamela Huskey
318058603,415176619,13356672698,2022-02-25T01:59:02Z,2022-02-25T02:02:30Z,completed,50.86.55.238,"Earl Nash Elementary - Noxubee County School District, MS",NA,5,Mostly Cs,Male,NA,NA,Black or African American,NA,NA,NA,NA,Not Hispanic or Latino,Always,5- Strongly agree,5- Strongly agree,5- Strongly agree,5- Strongly agree,5- Strongly agree,5- Strongly agree,5- Strongly agree,4- Agree,4- Agree,4- Agree,4- Agree,4- Agree,All of their assignments,My child has learned some this year.,Mrs. Wilson
318058603,415176619,13356652386,2022-02-25T01:44:52Z,2022-02-25T01:48:11Z,completed,107.77.236.136,"Earl Nash Elementary - Noxubee County School District, MS",NA,5,Mostly Bs,Female,NA,NA,Black or African American,NA,NA,NA,NA,Not Hispanic or Latino,Always,5- Strongly agree,5- Strongly agree,5- Strongly agree,4- Agree,4- Agree,3- Neither agree nor disagree,4- Agree,4- Agree,4- Agree,4- Agree,3- Neither disagree nor agree,4- Agree,All of their assignments,My child has learned a lot this year.,Desiree Wells
318058603,415176619,13356651649,2022-02-25T01:44:47Z,2022-02-25T01:48:22Z,completed,107.141.23.201,"Vicksburg Intermediate - Vicksburg-Warren County School District, MS",NA,3,Mostly Ds,Female,NA,NA,Black or African American,NA,NA,NA,NA,Not Hispanic or Latino,Always,4- Agree,4- Agree,3- Neither agree nor disagree,4- Agree,4- Agree,3- Neither agree nor disagree,3- Neither agree nor disagree,I'm not sure.,I'm not sure.,4- Agree,3- Neither disagree nor agree,I'm not sure.,I’m not sure,My child has learned some this year.,Shannon McGhee
318058603,415176619,13356650775,2022-02-25T01:43:49Z,2022-02-25T01:44:13Z,partial,107.141.23.201,"Vicksburg Intermediate - Vicksburg-Warren County School District, MS",NA,NA,NA,NA,NA,NA,NA,NA,NA,NA,NA,NA,NA,NA,NA,NA,NA,NA,NA,NA,NA,NA,NA,NA,NA,NA,NA,NA
318058603,415176619,13356579931,2022-02-25T01:00:29Z,2022-02-25T01:02:55Z,completed,97.64.62.138,"Earl Nash Elementary - Noxubee County School District, MS",NA,4,Mostly As,Female,NA,NA,Black or African American,NA,NA,NA,NA,Not Hispanic or Latino,Always,5- Strongly agree,5- Strongly agree,5- Strongly agree,5- Strongly agree,5- Strongly agree,5- Strongly agree,5- Strongly agree,5- Strongly agree,5- Strongly agree,5- Strongly agree,5- Strongly agree,5- Strongly agree,All of their assignments,My child has learned a lot this year.,Rosalinda Norsworthy
318058603,415176619,13356448147,2022-02-24T23:46:04Z,2022-02-24T23:59:50Z,completed,107.77.235.137,"HW Byers Elementary - Marshall County School District, MS",NA,3,Mostly Ds,Male,NA,NA,Black or African American,NA,NA,NA,NA,Not Hispanic or Latino,Always,4- Agree,4- Agree,4- Agree,4- Agree,3- Neither agree nor disagree,3- Neither agree nor disagree,3- Neither agree nor disagree,4- Agree,3- Neither disagree nor agree,4- Agree,4- Agree,4- Agree,All of their assignments,My child has learned a lot this year.,Jame Turnage
318058603,415176619,13356224167,2022-02-24T22:09:45Z,2022-02-24T22:14:14Z,completed,108.215.85.233,"Vicksburg Intermediate - Vicksburg-Warren County School District, MS",NA,5,Mostly Fs,Female,NA,NA,Black or African American,NA,NA,NA,NA,Not Hispanic or Latino,Always,5- Strongly agree,5- Strongly agree,5- Strongly agree,5- Strongly agree,5- Strongly agree,3- Neither agree nor disagree,4- Agree,3- Neither disagree nor agree,3- Neither disagree nor agree,3- Neither disagree nor agree,3- Neither disagree nor agree,2- Disagree,Few of their assignments,My child has learned nothing this year.,Mrs. GROSS
318058603,415176619,13356219633,2022-02-24T22:07:38Z,2022-02-24T22:12:19Z,completed,107.133.44.180,"Vicksburg Intermediate - Vicksburg-Warren County School District, MS",NA,3,Mostly Fs,Male,NA,NA,Black or African American,NA,NA,NA,NA,Not Hispanic or Latino,Always,5- Strongly agree,5- Strongly agree,5- Strongly agree,5- Strongly agree,5- Strongly agree,5- Strongly agree,5- Strongly agree,3- Neither disagree nor agree,3- Neither disagree nor agree,4- Agree,4- Agree,4- Agree,I’m not sure,My child has learned a little this year.,Shannon McGhee
318058603,415176619,13355853912,2022-02-24T19:40:11Z,2022-02-24T19:41:25Z,partial,108.242.152.92,"Vicksburg Intermediate - Vicksburg-Warren County School District, MS",NA,4,Mostly Cs,Female,NA,NA,Black or African American,NA,NA,NA,NA,Not Hispanic or Latino,Always,NA,NA,NA,NA,NA,NA,NA,NA,NA,NA,NA,NA,NA,NA,Shannon McGhee
318058603,415176619,13355746679,2022-02-24T18:57:04Z,2022-02-24T18:58:11Z,partial,107.77.226.202,"Vicksburg Intermediate - Vicksburg-Warren County School District, MS",NA,NA,NA,NA,NA,NA,NA,NA,NA,NA,NA,NA,NA,NA,NA,NA,NA,NA,NA,NA,NA,NA,NA,NA,NA,NA,NA,NA
318058603,415176619,13355566116,2022-02-24T17:45:06Z,2022-02-24T17:45:38Z,partial,50.86.51.42,"Vicksburg Intermediate - Vicksburg-Warren County School District, MS",NA,NA,NA,NA,NA,NA,NA,NA,NA,NA,NA,NA,NA,NA,NA,NA,NA,NA,NA,NA,NA,NA,NA,NA,NA,NA,NA,NA
318058603,415176619,13355517721,2022-02-24T17:26:03Z,2022-02-24T17:27:48Z,partial,207.59.62.82,"Vicksburg Intermediate - Vicksburg-Warren County School District, MS",NA,NA,NA,NA,NA,NA,NA,NA,NA,NA,NA,NA,NA,NA,NA,NA,NA,NA,NA,NA,NA,NA,NA,NA,NA,NA,NA,NA
318058603,415176619,13355508558,2022-02-24T17:23:10Z,2022-02-24T17:23:31Z,partial,107.115.171.36,"Vicksburg Intermediate - Vicksburg-Warren County School District, MS",NA,NA,NA,NA,NA,NA,NA,NA,NA,NA,NA,NA,NA,NA,NA,NA,NA,NA,NA,NA,NA,NA,NA,NA,NA,NA,NA,NA
318058603,415176619,13355505588,2022-02-24T17:21:53Z,2022-02-24T17:25:13Z,completed,23.124.100.218,"Vicksburg Intermediate - Vicksburg-Warren County School District, MS",NA,5,Mostly Cs,Male,NA,NA,NA,NA,White,NA,NA,Not Hispanic or Latino,Always,5- Strongly agree,5- Strongly agree,4- Agree,3- Neither agree nor disagree,3- Neither agree nor disagree,4- Agree,3- Neither agree nor disagree,2- Disagree,3- Neither disagree nor agree,4- Agree,3- Neither disagree nor agree,4- Agree,Most of their assignments,My child has learned some this year.,Gross
318058603,415176619,13355497706,2022-02-24T17:19:11Z,2022-02-24T17:22:24Z,completed,107.115.171.29,"Vicksburg Intermediate - Vicksburg-Warren County School District, MS",NA,6,Mostly Bs,Female,NA,NA,Black or African American,NA,NA,NA,NA,Not Hispanic or Latino,Always,4- Agree,5- Strongly agree,4- Agree,4- Agree,3- Neither agree nor disagree,4- Agree,4- Agree,4- Agree,4- Agree,I'm not sure.,3- Neither disagree nor agree,4- Agree,All of their assignments,My child has learned a lot this year.,Heather Kealhofer
318058603,415176619,13355497501,2022-02-24T17:18:58Z,2022-02-24T17:19:27Z,partial,174.203.46.121,"Vicksburg Intermediate - Vicksburg-Warren County School District, MS",NA,NA,NA,NA,NA,NA,NA,NA,NA,NA,NA,NA,NA,NA,NA,NA,NA,NA,NA,NA,NA,NA,NA,NA,NA,NA,NA,NA
318058603,415176619,13355478727,2022-02-24T17:11:21Z,2022-02-24T17:15:12Z,completed,108.194.86.156,"Vicksburg Intermediate - Vicksburg-Warren County School District, MS",NA,3,Mostly Cs,Male,NA,NA,Black or African American,NA,NA,NA,NA,Not Hispanic or Latino,Always,4- Agree,4- Agree,2- Disagree,2- Disagree,2- Disagree,2- Disagree,2- Disagree,2- Disagree,2- Disagree,2- Disagree,2- Disagree,4- Agree,Most of their assignments,My child has learned some this year.,Shannon McGhee
318058603,415176619,13355477638,2022-02-24T17:11:22Z,2022-02-24T17:14:10Z,completed,206.255.112.153,"Vicksburg Intermediate - Vicksburg-Warren County School District, MS",NA,6,Mostly Bs,Female,NA,NA,Black or African American,NA,NA,NA,NA,Not Hispanic or Latino,Always,1- Strongly disagree,1- Strongly disagree,1- Strongly disagree,1- Strongly disagree,5- Strongly agree,1- Strongly disagree,1- Strongly disagree,1- Strongly disagree,1- Strongly disagree,1- Strongly disagree,1- Strongly disagree,1- Strongly disagree,All of their assignments,My child has learned some this year.,Shannon McGhee
318058603,415176619,13355476020,2022-02-24T17:10:44Z,2022-02-24T17:12:57Z,completed,107.77.233.37,"Vicksburg Intermediate - Vicksburg-Warren County School District, MS",NA,4,Mostly Ds,Female,NA,NA,Black or African American,NA,NA,NA,NA,Not Hispanic or Latino,Always,4- Agree,4- Agree,4- Agree,4- Agree,4- Agree,4- Agree,4- Agree,5- Strongly agree,4- Agree,4- Agree,4- Agree,4- Agree,All of their assignments,My child has learned a lot this year.,Dr. Carrie Chadic
318058603,415176619,13355121450,2022-02-24T15:03:51Z,2022-02-24T15:05:53Z,completed,107.117.180.24,"Cook Elementary - Columbus Municipal School District, MS",NA,4,Mostly As,Male,NA,NA,Black or African American,NA,NA,NA,NA,Not Hispanic or Latino,Always,1- Strongly disagree,1- Strongly disagree,1- Strongly disagree,1- Strongly disagree,1- Strongly disagree,1- Strongly disagree,1- Strongly disagree,5- Strongly agree,4- Agree,5- Strongly agree,4- Agree,5- Strongly agree,Most of their assignments,My child has learned a lot this year.,Chenata Ward
318058603,415176619,13355084225,2022-02-24T14:51:37Z,2022-02-24T14:55:52Z,completed,73.127.107.39,"HW Byers Elementary - Marshall County School District, MS",NA,5,Mostly Ds,Male,NA,NA,NA,NA,White,NA,NA,Hispanic or Latino,Always,4- Agree,4- Agree,3- Neither agree nor disagree,4- Agree,4- Agree,4- Agree,4- Agree,3- Neither disagree nor agree,I'm not sure.,4- Agree,I'm not sure.,4- Agree,Most of their assignments,My child has learned some this year.,Rhonda Coleman
318058603,415176619,13354832889,2022-02-24T13:13:31Z,2022-02-24T13:13:48Z,partial,166.205.190.56,"Cook Elementary - Columbus Municipal School District, MS",NA,NA,NA,NA,NA,NA,NA,NA,NA,NA,NA,NA,NA,NA,NA,NA,NA,NA,NA,NA,NA,NA,NA,NA,NA,NA,NA,Chenata Ward
318058603,415176619,13354823112,2022-02-24T13:08:38Z,2022-02-24T13:12:59Z,completed,166.205.190.56,"Cook Elementary - Columbus Municipal School District, MS",NA,4,Mostly Cs,Male,NA,NA,Black or African American,NA,NA,NA,NA,Not Hispanic or Latino,Always,5- Strongly agree,5- Strongly agree,5- Strongly agree,5- Strongly agree,5- Strongly agree,5- Strongly agree,5- Strongly agree,3- Neither disagree nor agree,4- Agree,4- Agree,4- Agree,4- Agree,All of their assignments,My child has learned some this year.,Chenata Ward
318058603,415176619,13354610277,2022-02-24T11:29:59Z,2022-02-24T11:30:19Z,partial,107.115.177.7,"Cook Elementary - Columbus Municipal School District, MS",NA,NA,NA,NA,NA,NA,NA,NA,NA,NA,NA,NA,NA,NA,NA,NA,NA,NA,NA,NA,NA,NA,NA,NA,NA,NA,NA,Chenata Ward
318058603,415176619,13354595287,2022-02-24T11:21:53Z,2022-02-24T11:27:38Z,completed,107.115.177.7,"Cook Elementary - Columbus Municipal School District, MS",NA,4,Mostly Cs,Male,NA,NA,Black or African American,NA,NA,NA,NA,Not Hispanic or Latino,Always,5- Strongly agree,5- Strongly agree,5- Strongly agree,5- Strongly agree,5- Strongly agree,5- Strongly agree,5- Strongly agree,5- Strongly agree,5- Strongly agree,5- Strongly agree,5- Strongly agree,5- Strongly agree,Most of their assignments,My child has learned a lot this year.,Chenata Ward
318058603,415176619,13353929014,2022-02-24T03:06:12Z,2022-02-24T03:13:59Z,completed,174.202.197.113,"Earl Nash Elementary - Noxubee County School District, MS",NA,4,Mostly Bs,Male,NA,NA,Black or African American,NA,NA,NA,NA,Not Hispanic or Latino,Always,5- Strongly agree,5- Strongly agree,4- Agree,5- Strongly agree,4- Agree,4- Agree,4- Agree,4- Agree,4- Agree,5- Strongly agree,4- Agree,4- Agree,All of their assignments,My child has learned a lot this year.,Kanesha Madison
318058603,415176619,13353857041,2022-02-24T02:13:26Z,2022-02-24T02:13:49Z,partial,24.116.224.69,"Cook Elementary - Columbus Municipal School District, MS",NA,NA,NA,NA,NA,NA,NA,NA,NA,NA,NA,NA,NA,NA,NA,NA,NA,NA,NA,NA,NA,NA,NA,NA,NA,NA,NA,Chenata Ward
318058603,415176619,13353840580,2022-02-24T02:01:52Z,2022-02-24T02:07:51Z,completed,174.249.13.157,"Cook Elementary - Columbus Municipal School District, MS",NA,4,Mostly Bs,Female,NA,NA,Black or African American,NA,NA,NA,NA,Not Hispanic or Latino,Always,4- Agree,2- Disagree,3- Neither agree nor disagree,3- Neither agree nor disagree,3- Neither agree nor disagree,3- Neither agree nor disagree,1- Strongly disagree,4- Agree,4- Agree,4- Agree,4- Agree,4- Agree,All of their assignments,My child has learned some this year.,Chenata Ward
318058603,415176619,13353797335,2022-02-24T01:31:50Z,2022-02-24T01:34:04Z,completed,24.116.224.69,"Cook Elementary - Columbus Municipal School District, MS",NA,4,Mostly Bs,Male,NA,NA,Black or African American,NA,White,NA,NA,Not Hispanic or Latino,Always,1- Strongly disagree,4- Agree,4- Agree,4- Agree,4- Agree,4- Agree,4- Agree,4- Agree,4- Agree,4- Agree,4- Agree,3- Neither disagree nor agree,All of their assignments,My child has learned a lot this year.,Chenata Ward
318058603,415176619,13353767583,2022-02-24T01:12:28Z,2022-02-24T01:14:48Z,partial,97.64.61.152,"Earl Nash Elementary - Noxubee County School District, MS",NA,5,Mostly Bs,Female,NA,NA,Black or African American,NA,NA,NA,NA,Hispanic or Latino,Always,NA,NA,NA,NA,NA,NA,NA,NA,NA,NA,NA,NA,NA,NA,Desiree Wells
318058603,415176619,13353673374,2022-02-24T00:18:12Z,2022-02-24T00:25:26Z,completed,68.77.195.221,"Cook Elementary - Columbus Municipal School District, MS",NA,4,Mostly Cs,Female,NA,NA,Black or African American,NA,NA,NA,NA,Not Hispanic or Latino,Always,5- Strongly agree,5- Strongly agree,4- Agree,4- Agree,4- Agree,4- Agree,4- Agree,5- Strongly agree,4- Agree,3- Neither disagree nor agree,5- Strongly agree,4- Agree,Most of their assignments,My child has learned some this year.,Chenata Ward
318058603,415176619,13353399223,2022-02-23T22:23:20Z,2022-02-23T22:27:59Z,completed,66.54.106.201,"East Elementary - Greenwood Leflore Consolidated School District, MS",NA,4,Mostly As,Female,NA,NA,Black or African American,NA,White,NA,NA,Not Hispanic or Latino,Always,4- Agree,4- Agree,4- Agree,2- Disagree,2- Disagree,2- Disagree,2- Disagree,I'm not sure.,5- Strongly agree,5- Strongly agree,3- Neither disagree nor agree,5- Strongly agree,Most of their assignments,My child has learned some this year.,Sharrel Johnson
318058603,415176619,13353335132,2022-02-23T21:56:57Z,2022-02-23T22:01:08Z,completed,174.126.140.233,"Cook Elementary - Columbus Municipal School District, MS",NA,4,Mostly Fs,Female,NA,NA,Black or African American,NA,NA,NA,NA,Not Hispanic or Latino,Always,1- Strongly disagree,1- Strongly disagree,1- Strongly disagree,1- Strongly disagree,1- Strongly disagree,1- Strongly disagree,1- Strongly disagree,1- Strongly disagree,1- Strongly disagree,1- Strongly disagree,1- Strongly disagree,1- Strongly disagree,Most of their assignments,My child has learned a little this year.,Chenata Ward
318058603,415176619,13353332469,2022-02-23T21:55:19Z,2022-02-23T22:02:16Z,completed,108.251.116.103,"Kemper County Lower Elementary - Kemper County School District, MS",NA,3,Mostly Ds,Male,NA,NA,Black or African American,NA,NA,NA,NA,Not Hispanic or Latino,Always,4- Agree,4- Agree,4- Agree,4- Agree,4- Agree,4- Agree,4- Agree,I'm not sure.,I'm not sure.,3- Neither disagree nor agree,3- Neither disagree nor agree,I'm not sure.,I’m not sure,My child has learned some this year.,Cristal Turner
318058603,415176619,13353306740,2022-02-23T21:44:22Z,2022-02-23T21:51:30Z,completed,107.141.16.152,"Cook Elementary - Columbus Municipal School District, MS",NA,4,Mostly Cs,Female,NA,NA,Black or African American,NA,NA,NA,NA,Not Hispanic or Latino,Always,5- Strongly agree,5- Strongly agree,5- Strongly agree,4- Agree,3- Neither agree nor disagree,5- Strongly agree,5- Strongly agree,5- Strongly agree,4- Agree,5- Strongly agree,5- Strongly agree,5- Strongly agree,Most of their assignments,My child has learned some this year.,Chenata Ward
318058603,415176619,13353087120,2022-02-23T20:10:26Z,2022-02-23T20:11:05Z,partial,50.86.120.138,"Earl Nash Elementary - Noxubee County School District, MS",NA,NA,NA,NA,NA,NA,NA,NA,NA,NA,NA,NA,NA,NA,NA,NA,NA,NA,NA,NA,NA,NA,NA,NA,NA,NA,NA,NA
318058603,415176619,13353064800,2022-02-23T20:01:03Z,2022-02-23T20:02:07Z,partial,97.64.62.138,"Earl Nash Elementary - Noxubee County School District, MS",NA,4,Mostly Cs,Female,NA,NA,Black or African American,NA,NA,NA,NA,Hispanic or Latino,Always,NA,NA,NA,NA,NA,NA,NA,NA,NA,NA,NA,NA,NA,NA,Rosalinda Norsworthy
318058603,415176619,13353011934,2022-02-23T19:39:06Z,2022-02-23T19:42:20Z,completed,50.86.120.138,"Earl Nash Elementary - Noxubee County School District, MS",NA,4,Mostly Cs,Male,NA,NA,Black or African American,NA,NA,NA,NA,Not Hispanic or Latino,Always,5- Strongly agree,5- Strongly agree,4- Agree,4- Agree,4- Agree,4- Agree,4- Agree,4- Agree,4- Agree,4- Agree,3- Neither disagree nor agree,4- Agree,All of their assignments,My child has learned some this year.,Rosalinda Norsworthy
318058603,415176619,13352918318,2022-02-23T19:00:43Z,2022-02-23T19:01:37Z,partial,50.86.120.138,"Earl Nash Elementary - Noxubee County School District, MS",NA,NA,NA,NA,NA,NA,NA,NA,NA,NA,NA,NA,NA,NA,NA,NA,NA,NA,NA,NA,NA,NA,NA,NA,NA,NA,NA,Aja Forte
318058603,415176619,13352917698,2022-02-23T19:00:42Z,2022-02-23T19:02:32Z,partial,50.86.120.138,"Earl Nash Elementary - Noxubee County School District, MS",NA,NA,Mostly Cs,Female,NA,NA,Black or African American,NA,NA,NA,NA,Not Hispanic or Latino,Always,NA,NA,NA,NA,NA,NA,NA,NA,NA,NA,NA,NA,NA,NA,Aja Forte
318058603,415176619,13352915765,2022-02-23T18:59:52Z,2022-02-23T19:00:23Z,partial,50.86.120.138,"Earl Nash Elementary - Noxubee County School District, MS",NA,NA,NA,NA,NA,NA,NA,NA,NA,NA,NA,NA,NA,NA,NA,NA,NA,NA,NA,NA,NA,NA,NA,NA,NA,NA,NA,Desiree Wells
318058603,415176619,13352457742,2022-02-23T16:06:06Z,2022-02-23T16:09:46Z,completed,50.86.123.130,"Cook Elementary - Columbus Municipal School District, MS",NA,4,Mostly Ds,Male,NA,NA,Black or African American,NA,NA,NA,NA,Not Hispanic or Latino,Always,5- Strongly agree,5- Strongly agree,4- Agree,5- Strongly agree,5- Strongly agree,5- Strongly agree,5- Strongly agree,4- Agree,4- Agree,5- Strongly agree,5- Strongly agree,5- Strongly agree,All of their assignments,My child has learned a lot this year.,Chenata Ward
318058603,415176619,13352324932,2022-02-23T15:17:35Z,2022-02-23T15:17:53Z,partial,50.86.123.130,"Cook Elementary - Columbus Municipal School District, MS",NA,NA,NA,NA,NA,NA,NA,NA,NA,NA,NA,NA,NA,NA,NA,NA,NA,NA,NA,NA,NA,NA,NA,NA,NA,NA,NA,Chenata Ward
318058603,415176619,13352218435,2022-02-23T14:37:15Z,2022-02-23T14:40:23Z,completed,107.119.65.7,"Galena Elementary - Marshall County School District, MS",NA,NA,Mostly Bs,Male,NA,NA,NA,NA,White,NA,NA,Not Hispanic or Latino,Always,5- Strongly agree,5- Strongly agree,5- Strongly agree,4- Agree,3- Neither agree nor disagree,5- Strongly agree,4- Agree,4- Agree,4- Agree,5- Strongly agree,4- Agree,4- Agree,All of their assignments,My child has learned a lot this year.,Carnice James
318058603,415176619,13352148110,2022-02-23T14:09:11Z,2022-02-23T14:10:48Z,completed,107.115.147.58,"Kemper County Lower Elementary - Kemper County School District, MS",NA,3,Mostly As,Male,NA,NA,Black or African American,NA,NA,NA,NA,Not Hispanic or Latino,Always,5- Strongly agree,5- Strongly agree,5- Strongly agree,5- Strongly agree,5- Strongly agree,5- Strongly agree,5- Strongly agree,5- Strongly agree,I'm not sure.,5- Strongly agree,4- Agree,5- Strongly agree,All of their assignments,My child has learned a lot this year.,Cristal Turner
318058603,415176619,13350594811,2022-02-22T22:29:46Z,2022-02-22T22:30:09Z,partial,64.82.158.167,"Galena Elementary - Marshall County School District, MS",NA,NA,NA,NA,NA,NA,NA,NA,NA,NA,NA,NA,NA,NA,NA,NA,NA,NA,NA,NA,NA,NA,NA,NA,NA,NA,NA,Carnice James
